image_id,path,true_label,true_arabic_digit,true_shape_description,predicted_label,predicted_arabic_digit,predicted_shape_description,confidence,correct
24,C:\Users\Moheb\ELC4028-Neural-Networks\Assignment 1\Problem 3\Pipeline3\PracticalGroundTruth500_Unlabeled\24.bmp,6,٦,a horizontal line curving down to the left; like a 7,6,٦,a horizontal line curving down to the left; like a 7,0.337248,True
68,C:\Users\Moheb\ELC4028-Neural-Networks\Assignment 1\Problem 3\Pipeline3\PracticalGroundTruth500_Unlabeled\68.bmp,5,٥,a small teardrop or circle; resembles a Western 0,5,٥,a small teardrop or circle; resembles a Western 0,0.541173,True
79,C:\Users\Moheb\ELC4028-Neural-Networks\Assignment 1\Problem 3\Pipeline3\PracticalGroundTruth500_Unlabeled\79.bmp,5,٥,a small teardrop or circle; resembles a Western 0,5,٥,a small teardrop or circle; resembles a Western 0,0.551190,True
90,C:\Users\Moheb\ELC4028-Neural-Networks\Assignment 1\Problem 3\Pipeline3\PracticalGroundTruth500_Unlabeled\90.bmp,5,٥,a small teardrop or circle; resembles a Western 0,5,٥,a small teardrop or circle; resembles a Western 0,0.386077,True
109,C:\Users\Moheb\ELC4028-Neural-Networks\Assignment 1\Problem 3\Pipeline3\PracticalGroundTruth500_Unlabeled\109.bmp,0,٠,"a centered, solid dot",0,٠,"a centered, solid dot",0.657550,True
152,C:\Users\Moheb\ELC4028-Neural-Networks\Assignment 1\Problem 3\Pipeline3\PracticalGroundTruth500_Unlabeled\152.bmp,2,٢,a horizontal hook curving into a vertical line; like a reversed 7,2,٢,a horizontal hook curving into a vertical line; like a reversed 7,0.385071,True
214,C:\Users\Moheb\ELC4028-Neural-Networks\Assignment 1\Problem 3\Pipeline3\PracticalGroundTruth500_Unlabeled\214.bmp,0,٠,"a centered, solid dot",0,٠,"a centered, solid dot",0.739706,True
299,C:\Users\Moheb\ELC4028-Neural-Networks\Assignment 1\Problem 3\Pipeline3\PracticalGroundTruth500_Unlabeled\299.bmp,0,٠,"a centered, solid dot",0,٠,"a centered, solid dot",0.774280,True
314,C:\Users\Moheb\ELC4028-Neural-Networks\Assignment 1\Problem 3\Pipeline3\PracticalGroundTruth500_Unlabeled\314.bmp,9,٩,a small loop at the top with a straight descending tail,9,٩,a small loop at the top with a straight descending tail,0.491957,True
357,C:\Users\Moheb\ELC4028-Neural-Networks\Assignment 1\Problem 3\Pipeline3\PracticalGroundTruth500_Unlabeled\357.bmp,2,٢,a horizontal hook curving into a vertical line; like a reversed 7,2,٢,a horizontal hook curving into a vertical line; like a reversed 7,0.364175,True
367,C:\Users\Moheb\ELC4028-Neural-Networks\Assignment 1\Problem 3\Pipeline3\PracticalGroundTruth500_Unlabeled\367.bmp,4,٤,a mirrored cursive 'E' or a zig-zag shape with two loops,4,٤,a mirrored cursive 'E' or a zig-zag shape with two loops,0.489839,True
465,C:\Users\Moheb\ELC4028-Neural-Networks\Assignment 1\Problem 3\Pipeline3\PracticalGroundTruth500_Unlabeled\465.bmp,2,٢,a horizontal hook curving into a vertical line; like a reversed 7,2,٢,a horizontal hook curving into a vertical line; like a reversed 7,0.415927,True
470,C:\Users\Moheb\ELC4028-Neural-Networks\Assignment 1\Problem 3\Pipeline3\PracticalGroundTruth500_Unlabeled\470.bmp,5,٥,a small teardrop or circle; resembles a Western 0,5,٥,a small teardrop or circle; resembles a Western 0,0.549060,True
487,C:\Users\Moheb\ELC4028-Neural-Networks\Assignment 1\Problem 3\Pipeline3\PracticalGroundTruth500_Unlabeled\487.bmp,6,٦,a horizontal line curving down to the left; like a 7,6,٦,a horizontal line curving down to the left; like a 7,0.460657,True
528,C:\Users\Moheb\ELC4028-Neural-Networks\Assignment 1\Problem 3\Pipeline3\PracticalGroundTruth500_Unlabeled\528.bmp,6,٦,a horizontal line curving down to the left; like a 7,6,٦,a horizontal line curving down to the left; like a 7,0.534712,True
604,C:\Users\Moheb\ELC4028-Neural-Networks\Assignment 1\Problem 3\Pipeline3\PracticalGroundTruth500_Unlabeled\604.bmp,8,٨,an inverted V-shape pointing upward like a mountain peak,8,٨,an inverted V-shape pointing upward like a mountain peak,0.477297,True
609,C:\Users\Moheb\ELC4028-Neural-Networks\Assignment 1\Problem 3\Pipeline3\PracticalGroundTruth500_Unlabeled\609.bmp,7,٧,a sharp V-shape pointing downward,7,٧,a sharp V-shape pointing downward,0.540774,True
618,C:\Users\Moheb\ELC4028-Neural-Networks\Assignment 1\Problem 3\Pipeline3\PracticalGroundTruth500_Unlabeled\618.bmp,0,٠,"a centered, solid dot",0,٠,"a centered, solid dot",0.759069,True
638,C:\Users\Moheb\ELC4028-Neural-Networks\Assignment 1\Problem 3\Pipeline3\PracticalGroundTruth500_Unlabeled\638.bmp,5,٥,a small teardrop or circle; resembles a Western 0,5,٥,a small teardrop or circle; resembles a Western 0,0.580379,True
659,C:\Users\Moheb\ELC4028-Neural-Networks\Assignment 1\Problem 3\Pipeline3\PracticalGroundTruth500_Unlabeled\659.bmp,0,٠,"a centered, solid dot",0,٠,"a centered, solid dot",0.775936,True
665,C:\Users\Moheb\ELC4028-Neural-Networks\Assignment 1\Problem 3\Pipeline3\PracticalGroundTruth500_Unlabeled\665.bmp,9,٩,a small loop at the top with a straight descending tail,9,٩,a small loop at the top with a straight descending tail,0.457313,True
666,C:\Users\Moheb\ELC4028-Neural-Networks\Assignment 1\Problem 3\Pipeline3\PracticalGroundTruth500_Unlabeled\666.bmp,2,٢,a horizontal hook curving into a vertical line; like a reversed 7,2,٢,a horizontal hook curving into a vertical line; like a reversed 7,0.300574,True
702,C:\Users\Moheb\ELC4028-Neural-Networks\Assignment 1\Problem 3\Pipeline3\PracticalGroundTruth500_Unlabeled\702.bmp,6,٦,a horizontal line curving down to the left; like a 7,6,٦,a horizontal line curving down to the left; like a 7,0.466816,True
741,C:\Users\Moheb\ELC4028-Neural-Networks\Assignment 1\Problem 3\Pipeline3\PracticalGroundTruth500_Unlabeled\741.bmp,9,٩,a small loop at the top with a straight descending tail,9,٩,a small loop at the top with a straight descending tail,0.385063,True
766,C:\Users\Moheb\ELC4028-Neural-Networks\Assignment 1\Problem 3\Pipeline3\PracticalGroundTruth500_Unlabeled\766.bmp,6,٦,a horizontal line curving down to the left; like a 7,6,٦,a horizontal line curving down to the left; like a 7,0.465089,True
796,C:\Users\Moheb\ELC4028-Neural-Networks\Assignment 1\Problem 3\Pipeline3\PracticalGroundTruth500_Unlabeled\796.bmp,1,١,a simple vertical stroke,1,١,a simple vertical stroke,0.513156,True
834,C:\Users\Moheb\ELC4028-Neural-Networks\Assignment 1\Problem 3\Pipeline3\PracticalGroundTruth500_Unlabeled\834.bmp,5,٥,a small teardrop or circle; resembles a Western 0,5,٥,a small teardrop or circle; resembles a Western 0,0.575847,True
881,C:\Users\Moheb\ELC4028-Neural-Networks\Assignment 1\Problem 3\Pipeline3\PracticalGroundTruth500_Unlabeled\881.bmp,8,٨,an inverted V-shape pointing upward like a mountain peak,8,٨,an inverted V-shape pointing upward like a mountain peak,0.552589,True
933,C:\Users\Moheb\ELC4028-Neural-Networks\Assignment 1\Problem 3\Pipeline3\PracticalGroundTruth500_Unlabeled\933.bmp,4,٤,a mirrored cursive 'E' or a zig-zag shape with two loops,4,٤,a mirrored cursive 'E' or a zig-zag shape with two loops,0.464764,True
936,C:\Users\Moheb\ELC4028-Neural-Networks\Assignment 1\Problem 3\Pipeline3\PracticalGroundTruth500_Unlabeled\936.bmp,3,٣,a horizontal stroke with two small peaks or 'teeth' curving down,3,٣,a horizontal stroke with two small peaks or 'teeth' curving down,0.432272,True
960,C:\Users\Moheb\ELC4028-Neural-Networks\Assignment 1\Problem 3\Pipeline3\PracticalGroundTruth500_Unlabeled\960.bmp,0,٠,"a centered, solid dot",0,٠,"a centered, solid dot",0.701716,True
963,C:\Users\Moheb\ELC4028-Neural-Networks\Assignment 1\Problem 3\Pipeline3\PracticalGroundTruth500_Unlabeled\963.bmp,4,٤,a mirrored cursive 'E' or a zig-zag shape with two loops,4,٤,a mirrored cursive 'E' or a zig-zag shape with two loops,0.511885,True
969,C:\Users\Moheb\ELC4028-Neural-Networks\Assignment 1\Problem 3\Pipeline3\PracticalGroundTruth500_Unlabeled\969.bmp,3,٣,a horizontal stroke with two small peaks or 'teeth' curving down,3,٣,a horizontal stroke with two small peaks or 'teeth' curving down,0.415260,True
981,C:\Users\Moheb\ELC4028-Neural-Networks\Assignment 1\Problem 3\Pipeline3\PracticalGroundTruth500_Unlabeled\981.bmp,0,٠,"a centered, solid dot",0,٠,"a centered, solid dot",0.729201,True
1029,C:\Users\Moheb\ELC4028-Neural-Networks\Assignment 1\Problem 3\Pipeline3\PracticalGroundTruth500_Unlabeled\1029.bmp,4,٤,a mirrored cursive 'E' or a zig-zag shape with two loops,4,٤,a mirrored cursive 'E' or a zig-zag shape with two loops,0.412989,True
1092,C:\Users\Moheb\ELC4028-Neural-Networks\Assignment 1\Problem 3\Pipeline3\PracticalGroundTruth500_Unlabeled\1092.bmp,8,٨,an inverted V-shape pointing upward like a mountain peak,8,٨,an inverted V-shape pointing upward like a mountain peak,0.445771,True
1111,C:\Users\Moheb\ELC4028-Neural-Networks\Assignment 1\Problem 3\Pipeline3\PracticalGroundTruth500_Unlabeled\1111.bmp,4,٤,a mirrored cursive 'E' or a zig-zag shape with two loops,4,٤,a mirrored cursive 'E' or a zig-zag shape with two loops,0.426789,True
1163,C:\Users\Moheb\ELC4028-Neural-Networks\Assignment 1\Problem 3\Pipeline3\PracticalGroundTruth500_Unlabeled\1163.bmp,3,٣,a horizontal stroke with two small peaks or 'teeth' curving down,3,٣,a horizontal stroke with two small peaks or 'teeth' curving down,0.250292,True
1180,C:\Users\Moheb\ELC4028-Neural-Networks\Assignment 1\Problem 3\Pipeline3\PracticalGroundTruth500_Unlabeled\1180.bmp,7,٧,a sharp V-shape pointing downward,7,٧,a sharp V-shape pointing downward,0.543283,True
1188,C:\Users\Moheb\ELC4028-Neural-Networks\Assignment 1\Problem 3\Pipeline3\PracticalGroundTruth500_Unlabeled\1188.bmp,9,٩,a small loop at the top with a straight descending tail,9,٩,a small loop at the top with a straight descending tail,0.276286,True
1190,C:\Users\Moheb\ELC4028-Neural-Networks\Assignment 1\Problem 3\Pipeline3\PracticalGroundTruth500_Unlabeled\1190.bmp,4,٤,a mirrored cursive 'E' or a zig-zag shape with two loops,4,٤,a mirrored cursive 'E' or a zig-zag shape with two loops,0.408164,True
1199,C:\Users\Moheb\ELC4028-Neural-Networks\Assignment 1\Problem 3\Pipeline3\PracticalGroundTruth500_Unlabeled\1199.bmp,3,٣,a horizontal stroke with two small peaks or 'teeth' curving down,3,٣,a horizontal stroke with two small peaks or 'teeth' curving down,0.371866,True
1210,C:\Users\Moheb\ELC4028-Neural-Networks\Assignment 1\Problem 3\Pipeline3\PracticalGroundTruth500_Unlabeled\1210.bmp,2,٢,a horizontal hook curving into a vertical line; like a reversed 7,2,٢,a horizontal hook curving into a vertical line; like a reversed 7,0.459626,True
1255,C:\Users\Moheb\ELC4028-Neural-Networks\Assignment 1\Problem 3\Pipeline3\PracticalGroundTruth500_Unlabeled\1255.bmp,2,٢,a horizontal hook curving into a vertical line; like a reversed 7,2,٢,a horizontal hook curving into a vertical line; like a reversed 7,0.256479,True
1260,C:\Users\Moheb\ELC4028-Neural-Networks\Assignment 1\Problem 3\Pipeline3\PracticalGroundTruth500_Unlabeled\1260.bmp,8,٨,an inverted V-shape pointing upward like a mountain peak,8,٨,an inverted V-shape pointing upward like a mountain peak,0.322849,True
1303,C:\Users\Moheb\ELC4028-Neural-Networks\Assignment 1\Problem 3\Pipeline3\PracticalGroundTruth500_Unlabeled\1303.bmp,8,٨,an inverted V-shape pointing upward like a mountain peak,8,٨,an inverted V-shape pointing upward like a mountain peak,0.531651,True
1306,C:\Users\Moheb\ELC4028-Neural-Networks\Assignment 1\Problem 3\Pipeline3\PracticalGroundTruth500_Unlabeled\1306.bmp,5,٥,a small teardrop or circle; resembles a Western 0,5,٥,a small teardrop or circle; resembles a Western 0,0.558167,True
1318,C:\Users\Moheb\ELC4028-Neural-Networks\Assignment 1\Problem 3\Pipeline3\PracticalGroundTruth500_Unlabeled\1318.bmp,4,٤,a mirrored cursive 'E' or a zig-zag shape with two loops,4,٤,a mirrored cursive 'E' or a zig-zag shape with two loops,0.403520,True
1322,C:\Users\Moheb\ELC4028-Neural-Networks\Assignment 1\Problem 3\Pipeline3\PracticalGroundTruth500_Unlabeled\1322.bmp,8,٨,an inverted V-shape pointing upward like a mountain peak,8,٨,an inverted V-shape pointing upward like a mountain peak,0.328896,True
1346,C:\Users\Moheb\ELC4028-Neural-Networks\Assignment 1\Problem 3\Pipeline3\PracticalGroundTruth500_Unlabeled\1346.bmp,0,٠,"a centered, solid dot",0,٠,"a centered, solid dot",0.768712,True
1398,C:\Users\Moheb\ELC4028-Neural-Networks\Assignment 1\Problem 3\Pipeline3\PracticalGroundTruth500_Unlabeled\1398.bmp,4,٤,a mirrored cursive 'E' or a zig-zag shape with two loops,4,٤,a mirrored cursive 'E' or a zig-zag shape with two loops,0.550067,True
1427,C:\Users\Moheb\ELC4028-Neural-Networks\Assignment 1\Problem 3\Pipeline3\PracticalGroundTruth500_Unlabeled\1427.bmp,7,٧,a sharp V-shape pointing downward,7,٧,a sharp V-shape pointing downward,0.557794,True
1498,C:\Users\Moheb\ELC4028-Neural-Networks\Assignment 1\Problem 3\Pipeline3\PracticalGroundTruth500_Unlabeled\1498.bmp,3,٣,a horizontal stroke with two small peaks or 'teeth' curving down,3,٣,a horizontal stroke with two small peaks or 'teeth' curving down,0.426137,True
1516,C:\Users\Moheb\ELC4028-Neural-Networks\Assignment 1\Problem 3\Pipeline3\PracticalGroundTruth500_Unlabeled\1516.bmp,2,٢,a horizontal hook curving into a vertical line; like a reversed 7,2,٢,a horizontal hook curving into a vertical line; like a reversed 7,0.395186,True
1574,C:\Users\Moheb\ELC4028-Neural-Networks\Assignment 1\Problem 3\Pipeline3\PracticalGroundTruth500_Unlabeled\1574.bmp,1,١,a simple vertical stroke,1,١,a simple vertical stroke,0.654519,True
1610,C:\Users\Moheb\ELC4028-Neural-Networks\Assignment 1\Problem 3\Pipeline3\PracticalGroundTruth500_Unlabeled\1610.bmp,8,٨,an inverted V-shape pointing upward like a mountain peak,8,٨,an inverted V-shape pointing upward like a mountain peak,0.376918,True
1632,C:\Users\Moheb\ELC4028-Neural-Networks\Assignment 1\Problem 3\Pipeline3\PracticalGroundTruth500_Unlabeled\1632.bmp,4,٤,a mirrored cursive 'E' or a zig-zag shape with two loops,4,٤,a mirrored cursive 'E' or a zig-zag shape with two loops,0.427509,True
1662,C:\Users\Moheb\ELC4028-Neural-Networks\Assignment 1\Problem 3\Pipeline3\PracticalGroundTruth500_Unlabeled\1662.bmp,1,١,a simple vertical stroke,1,١,a simple vertical stroke,0.528431,True
1684,C:\Users\Moheb\ELC4028-Neural-Networks\Assignment 1\Problem 3\Pipeline3\PracticalGroundTruth500_Unlabeled\1684.bmp,1,١,a simple vertical stroke,1,١,a simple vertical stroke,0.622133,True
1750,C:\Users\Moheb\ELC4028-Neural-Networks\Assignment 1\Problem 3\Pipeline3\PracticalGroundTruth500_Unlabeled\1750.bmp,4,٤,a mirrored cursive 'E' or a zig-zag shape with two loops,4,٤,a mirrored cursive 'E' or a zig-zag shape with two loops,0.546245,True
1761,C:\Users\Moheb\ELC4028-Neural-Networks\Assignment 1\Problem 3\Pipeline3\PracticalGroundTruth500_Unlabeled\1761.bmp,5,٥,a small teardrop or circle; resembles a Western 0,5,٥,a small teardrop or circle; resembles a Western 0,0.556172,True
1771,C:\Users\Moheb\ELC4028-Neural-Networks\Assignment 1\Problem 3\Pipeline3\PracticalGroundTruth500_Unlabeled\1771.bmp,7,٧,a sharp V-shape pointing downward,7,٧,a sharp V-shape pointing downward,0.485637,True
1794,C:\Users\Moheb\ELC4028-Neural-Networks\Assignment 1\Problem 3\Pipeline3\PracticalGroundTruth500_Unlabeled\1794.bmp,3,٣,a horizontal stroke with two small peaks or 'teeth' curving down,3,٣,a horizontal stroke with two small peaks or 'teeth' curving down,0.441043,True
1814,C:\Users\Moheb\ELC4028-Neural-Networks\Assignment 1\Problem 3\Pipeline3\PracticalGroundTruth500_Unlabeled\1814.bmp,9,٩,a small loop at the top with a straight descending tail,9,٩,a small loop at the top with a straight descending tail,0.492902,True
1833,C:\Users\Moheb\ELC4028-Neural-Networks\Assignment 1\Problem 3\Pipeline3\PracticalGroundTruth500_Unlabeled\1833.bmp,2,٢,a horizontal hook curving into a vertical line; like a reversed 7,2,٢,a horizontal hook curving into a vertical line; like a reversed 7,0.355757,True
1868,C:\Users\Moheb\ELC4028-Neural-Networks\Assignment 1\Problem 3\Pipeline3\PracticalGroundTruth500_Unlabeled\1868.bmp,3,٣,a horizontal stroke with two small peaks or 'teeth' curving down,3,٣,a horizontal stroke with two small peaks or 'teeth' curving down,0.443159,True
1875,C:\Users\Moheb\ELC4028-Neural-Networks\Assignment 1\Problem 3\Pipeline3\PracticalGroundTruth500_Unlabeled\1875.bmp,2,٢,a horizontal hook curving into a vertical line; like a reversed 7,2,٢,a horizontal hook curving into a vertical line; like a reversed 7,0.343565,True
1925,C:\Users\Moheb\ELC4028-Neural-Networks\Assignment 1\Problem 3\Pipeline3\PracticalGroundTruth500_Unlabeled\1925.bmp,8,٨,an inverted V-shape pointing upward like a mountain peak,8,٨,an inverted V-shape pointing upward like a mountain peak,0.452515,True
1959,C:\Users\Moheb\ELC4028-Neural-Networks\Assignment 1\Problem 3\Pipeline3\PracticalGroundTruth500_Unlabeled\1959.bmp,1,١,a simple vertical stroke,1,١,a simple vertical stroke,0.591840,True
2030,C:\Users\Moheb\ELC4028-Neural-Networks\Assignment 1\Problem 3\Pipeline3\PracticalGroundTruth500_Unlabeled\2030.bmp,4,٤,a mirrored cursive 'E' or a zig-zag shape with two loops,4,٤,a mirrored cursive 'E' or a zig-zag shape with two loops,0.532972,True
2065,C:\Users\Moheb\ELC4028-Neural-Networks\Assignment 1\Problem 3\Pipeline3\PracticalGroundTruth500_Unlabeled\2065.bmp,6,٦,a horizontal line curving down to the left; like a 7,6,٦,a horizontal line curving down to the left; like a 7,0.457969,True
2077,C:\Users\Moheb\ELC4028-Neural-Networks\Assignment 1\Problem 3\Pipeline3\PracticalGroundTruth500_Unlabeled\2077.bmp,0,٠,"a centered, solid dot",0,٠,"a centered, solid dot",0.737094,True
2080,C:\Users\Moheb\ELC4028-Neural-Networks\Assignment 1\Problem 3\Pipeline3\PracticalGroundTruth500_Unlabeled\2080.bmp,2,٢,a horizontal hook curving into a vertical line; like a reversed 7,2,٢,a horizontal hook curving into a vertical line; like a reversed 7,0.374106,True
2094,C:\Users\Moheb\ELC4028-Neural-Networks\Assignment 1\Problem 3\Pipeline3\PracticalGroundTruth500_Unlabeled\2094.bmp,8,٨,an inverted V-shape pointing upward like a mountain peak,8,٨,an inverted V-shape pointing upward like a mountain peak,0.396308,True
2106,C:\Users\Moheb\ELC4028-Neural-Networks\Assignment 1\Problem 3\Pipeline3\PracticalGroundTruth500_Unlabeled\2106.bmp,3,٣,a horizontal stroke with two small peaks or 'teeth' curving down,3,٣,a horizontal stroke with two small peaks or 'teeth' curving down,0.439308,True
2110,C:\Users\Moheb\ELC4028-Neural-Networks\Assignment 1\Problem 3\Pipeline3\PracticalGroundTruth500_Unlabeled\2110.bmp,6,٦,a horizontal line curving down to the left; like a 7,6,٦,a horizontal line curving down to the left; like a 7,0.435731,True
2117,C:\Users\Moheb\ELC4028-Neural-Networks\Assignment 1\Problem 3\Pipeline3\PracticalGroundTruth500_Unlabeled\2117.bmp,0,٠,"a centered, solid dot",0,٠,"a centered, solid dot",0.769984,True
2146,C:\Users\Moheb\ELC4028-Neural-Networks\Assignment 1\Problem 3\Pipeline3\PracticalGroundTruth500_Unlabeled\2146.bmp,7,٧,a sharp V-shape pointing downward,7,٧,a sharp V-shape pointing downward,0.335762,True
2150,C:\Users\Moheb\ELC4028-Neural-Networks\Assignment 1\Problem 3\Pipeline3\PracticalGroundTruth500_Unlabeled\2150.bmp,9,٩,a small loop at the top with a straight descending tail,9,٩,a small loop at the top with a straight descending tail,0.415983,True
2163,C:\Users\Moheb\ELC4028-Neural-Networks\Assignment 1\Problem 3\Pipeline3\PracticalGroundTruth500_Unlabeled\2163.bmp,8,٨,an inverted V-shape pointing upward like a mountain peak,8,٨,an inverted V-shape pointing upward like a mountain peak,0.512362,True
2239,C:\Users\Moheb\ELC4028-Neural-Networks\Assignment 1\Problem 3\Pipeline3\PracticalGroundTruth500_Unlabeled\2239.bmp,0,٠,"a centered, solid dot",0,٠,"a centered, solid dot",0.773902,True
2282,C:\Users\Moheb\ELC4028-Neural-Networks\Assignment 1\Problem 3\Pipeline3\PracticalGroundTruth500_Unlabeled\2282.bmp,6,٦,a horizontal line curving down to the left; like a 7,6,٦,a horizontal line curving down to the left; like a 7,0.483832,True
2289,C:\Users\Moheb\ELC4028-Neural-Networks\Assignment 1\Problem 3\Pipeline3\PracticalGroundTruth500_Unlabeled\2289.bmp,7,٧,a sharp V-shape pointing downward,7,٧,a sharp V-shape pointing downward,0.552127,True
2292,C:\Users\Moheb\ELC4028-Neural-Networks\Assignment 1\Problem 3\Pipeline3\PracticalGroundTruth500_Unlabeled\2292.bmp,3,٣,a horizontal stroke with two small peaks or 'teeth' curving down,3,٣,a horizontal stroke with two small peaks or 'teeth' curving down,0.454194,True
2318,C:\Users\Moheb\ELC4028-Neural-Networks\Assignment 1\Problem 3\Pipeline3\PracticalGroundTruth500_Unlabeled\2318.bmp,6,٦,a horizontal line curving down to the left; like a 7,6,٦,a horizontal line curving down to the left; like a 7,0.506489,True
2353,C:\Users\Moheb\ELC4028-Neural-Networks\Assignment 1\Problem 3\Pipeline3\PracticalGroundTruth500_Unlabeled\2353.bmp,1,١,a simple vertical stroke,1,١,a simple vertical stroke,0.600045,True
2357,C:\Users\Moheb\ELC4028-Neural-Networks\Assignment 1\Problem 3\Pipeline3\PracticalGroundTruth500_Unlabeled\2357.bmp,5,٥,a small teardrop or circle; resembles a Western 0,5,٥,a small teardrop or circle; resembles a Western 0,0.572177,True
2379,C:\Users\Moheb\ELC4028-Neural-Networks\Assignment 1\Problem 3\Pipeline3\PracticalGroundTruth500_Unlabeled\2379.bmp,7,٧,a sharp V-shape pointing downward,7,٧,a sharp V-shape pointing downward,0.531900,True
2394,C:\Users\Moheb\ELC4028-Neural-Networks\Assignment 1\Problem 3\Pipeline3\PracticalGroundTruth500_Unlabeled\2394.bmp,4,٤,a mirrored cursive 'E' or a zig-zag shape with two loops,4,٤,a mirrored cursive 'E' or a zig-zag shape with two loops,0.415389,True
2455,C:\Users\Moheb\ELC4028-Neural-Networks\Assignment 1\Problem 3\Pipeline3\PracticalGroundTruth500_Unlabeled\2455.bmp,1,١,a simple vertical stroke,1,١,a simple vertical stroke,0.597962,True
2470,C:\Users\Moheb\ELC4028-Neural-Networks\Assignment 1\Problem 3\Pipeline3\PracticalGroundTruth500_Unlabeled\2470.bmp,9,٩,a small loop at the top with a straight descending tail,9,٩,a small loop at the top with a straight descending tail,0.493007,True
2492,C:\Users\Moheb\ELC4028-Neural-Networks\Assignment 1\Problem 3\Pipeline3\PracticalGroundTruth500_Unlabeled\2492.bmp,5,٥,a small teardrop or circle; resembles a Western 0,5,٥,a small teardrop or circle; resembles a Western 0,0.562631,True
2570,C:\Users\Moheb\ELC4028-Neural-Networks\Assignment 1\Problem 3\Pipeline3\PracticalGroundTruth500_Unlabeled\2570.bmp,5,٥,a small teardrop or circle; resembles a Western 0,5,٥,a small teardrop or circle; resembles a Western 0,0.393434,True
2580,C:\Users\Moheb\ELC4028-Neural-Networks\Assignment 1\Problem 3\Pipeline3\PracticalGroundTruth500_Unlabeled\2580.bmp,5,٥,a small teardrop or circle; resembles a Western 0,5,٥,a small teardrop or circle; resembles a Western 0,0.562487,True
2599,C:\Users\Moheb\ELC4028-Neural-Networks\Assignment 1\Problem 3\Pipeline3\PracticalGroundTruth500_Unlabeled\2599.bmp,2,٢,a horizontal hook curving into a vertical line; like a reversed 7,2,٢,a horizontal hook curving into a vertical line; like a reversed 7,0.298911,True
2609,C:\Users\Moheb\ELC4028-Neural-Networks\Assignment 1\Problem 3\Pipeline3\PracticalGroundTruth500_Unlabeled\2609.bmp,7,٧,a sharp V-shape pointing downward,7,٧,a sharp V-shape pointing downward,0.495784,True
2652,C:\Users\Moheb\ELC4028-Neural-Networks\Assignment 1\Problem 3\Pipeline3\PracticalGroundTruth500_Unlabeled\2652.bmp,5,٥,a small teardrop or circle; resembles a Western 0,5,٥,a small teardrop or circle; resembles a Western 0,0.544244,True
2707,C:\Users\Moheb\ELC4028-Neural-Networks\Assignment 1\Problem 3\Pipeline3\PracticalGroundTruth500_Unlabeled\2707.bmp,6,٦,a horizontal line curving down to the left; like a 7,6,٦,a horizontal line curving down to the left; like a 7,0.531271,True
2713,C:\Users\Moheb\ELC4028-Neural-Networks\Assignment 1\Problem 3\Pipeline3\PracticalGroundTruth500_Unlabeled\2713.bmp,2,٢,a horizontal hook curving into a vertical line; like a reversed 7,2,٢,a horizontal hook curving into a vertical line; like a reversed 7,0.410715,True
2735,C:\Users\Moheb\ELC4028-Neural-Networks\Assignment 1\Problem 3\Pipeline3\PracticalGroundTruth500_Unlabeled\2735.bmp,3,٣,a horizontal stroke with two small peaks or 'teeth' curving down,3,٣,a horizontal stroke with two small peaks or 'teeth' curving down,0.363269,True
2814,C:\Users\Moheb\ELC4028-Neural-Networks\Assignment 1\Problem 3\Pipeline3\PracticalGroundTruth500_Unlabeled\2814.bmp,3,٣,a horizontal stroke with two small peaks or 'teeth' curving down,3,٣,a horizontal stroke with two small peaks or 'teeth' curving down,0.347038,True
2817,C:\Users\Moheb\ELC4028-Neural-Networks\Assignment 1\Problem 3\Pipeline3\PracticalGroundTruth500_Unlabeled\2817.bmp,9,٩,a small loop at the top with a straight descending tail,9,٩,a small loop at the top with a straight descending tail,0.287680,True
2824,C:\Users\Moheb\ELC4028-Neural-Networks\Assignment 1\Problem 3\Pipeline3\PracticalGroundTruth500_Unlabeled\2824.bmp,2,٢,a horizontal hook curving into a vertical line; like a reversed 7,2,٢,a horizontal hook curving into a vertical line; like a reversed 7,0.343906,True
2867,C:\Users\Moheb\ELC4028-Neural-Networks\Assignment 1\Problem 3\Pipeline3\PracticalGroundTruth500_Unlabeled\2867.bmp,6,٦,a horizontal line curving down to the left; like a 7,6,٦,a horizontal line curving down to the left; like a 7,0.331369,True
2937,C:\Users\Moheb\ELC4028-Neural-Networks\Assignment 1\Problem 3\Pipeline3\PracticalGroundTruth500_Unlabeled\2937.bmp,5,٥,a small teardrop or circle; resembles a Western 0,5,٥,a small teardrop or circle; resembles a Western 0,0.565776,True
3061,C:\Users\Moheb\ELC4028-Neural-Networks\Assignment 1\Problem 3\Pipeline3\PracticalGroundTruth500_Unlabeled\3061.bmp,6,٦,a horizontal line curving down to the left; like a 7,6,٦,a horizontal line curving down to the left; like a 7,0.486241,True
3251,C:\Users\Moheb\ELC4028-Neural-Networks\Assignment 1\Problem 3\Pipeline3\PracticalGroundTruth500_Unlabeled\3251.bmp,0,٠,"a centered, solid dot",0,٠,"a centered, solid dot",0.437551,True
3291,C:\Users\Moheb\ELC4028-Neural-Networks\Assignment 1\Problem 3\Pipeline3\PracticalGroundTruth500_Unlabeled\3291.bmp,5,٥,a small teardrop or circle; resembles a Western 0,5,٥,a small teardrop or circle; resembles a Western 0,0.376250,True
3320,C:\Users\Moheb\ELC4028-Neural-Networks\Assignment 1\Problem 3\Pipeline3\PracticalGroundTruth500_Unlabeled\3320.bmp,0,٠,"a centered, solid dot",0,٠,"a centered, solid dot",0.752237,True
3325,C:\Users\Moheb\ELC4028-Neural-Networks\Assignment 1\Problem 3\Pipeline3\PracticalGroundTruth500_Unlabeled\3325.bmp,4,٤,a mirrored cursive 'E' or a zig-zag shape with two loops,4,٤,a mirrored cursive 'E' or a zig-zag shape with two loops,0.484296,True
3357,C:\Users\Moheb\ELC4028-Neural-Networks\Assignment 1\Problem 3\Pipeline3\PracticalGroundTruth500_Unlabeled\3357.bmp,8,٨,an inverted V-shape pointing upward like a mountain peak,1,١,a simple vertical stroke,0.391357,False
3436,C:\Users\Moheb\ELC4028-Neural-Networks\Assignment 1\Problem 3\Pipeline3\PracticalGroundTruth500_Unlabeled\3436.bmp,6,٦,a horizontal line curving down to the left; like a 7,6,٦,a horizontal line curving down to the left; like a 7,0.505350,True
3440,C:\Users\Moheb\ELC4028-Neural-Networks\Assignment 1\Problem 3\Pipeline3\PracticalGroundTruth500_Unlabeled\3440.bmp,3,٣,a horizontal stroke with two small peaks or 'teeth' curving down,3,٣,a horizontal stroke with two small peaks or 'teeth' curving down,0.457498,True
3461,C:\Users\Moheb\ELC4028-Neural-Networks\Assignment 1\Problem 3\Pipeline3\PracticalGroundTruth500_Unlabeled\3461.bmp,6,٦,a horizontal line curving down to the left; like a 7,6,٦,a horizontal line curving down to the left; like a 7,0.409257,True
3477,C:\Users\Moheb\ELC4028-Neural-Networks\Assignment 1\Problem 3\Pipeline3\PracticalGroundTruth500_Unlabeled\3477.bmp,4,٤,a mirrored cursive 'E' or a zig-zag shape with two loops,4,٤,a mirrored cursive 'E' or a zig-zag shape with two loops,0.500699,True
3516,C:\Users\Moheb\ELC4028-Neural-Networks\Assignment 1\Problem 3\Pipeline3\PracticalGroundTruth500_Unlabeled\3516.bmp,5,٥,a small teardrop or circle; resembles a Western 0,5,٥,a small teardrop or circle; resembles a Western 0,0.469289,True
3542,C:\Users\Moheb\ELC4028-Neural-Networks\Assignment 1\Problem 3\Pipeline3\PracticalGroundTruth500_Unlabeled\3542.bmp,8,٨,an inverted V-shape pointing upward like a mountain peak,8,٨,an inverted V-shape pointing upward like a mountain peak,0.482031,True
3612,C:\Users\Moheb\ELC4028-Neural-Networks\Assignment 1\Problem 3\Pipeline3\PracticalGroundTruth500_Unlabeled\3612.bmp,3,٣,a horizontal stroke with two small peaks or 'teeth' curving down,3,٣,a horizontal stroke with two small peaks or 'teeth' curving down,0.424414,True
3614,C:\Users\Moheb\ELC4028-Neural-Networks\Assignment 1\Problem 3\Pipeline3\PracticalGroundTruth500_Unlabeled\3614.bmp,6,٦,a horizontal line curving down to the left; like a 7,6,٦,a horizontal line curving down to the left; like a 7,0.468354,True
3658,C:\Users\Moheb\ELC4028-Neural-Networks\Assignment 1\Problem 3\Pipeline3\PracticalGroundTruth500_Unlabeled\3658.bmp,5,٥,a small teardrop or circle; resembles a Western 0,5,٥,a small teardrop or circle; resembles a Western 0,0.576393,True
3675,C:\Users\Moheb\ELC4028-Neural-Networks\Assignment 1\Problem 3\Pipeline3\PracticalGroundTruth500_Unlabeled\3675.bmp,0,٠,"a centered, solid dot",0,٠,"a centered, solid dot",0.758481,True
3762,C:\Users\Moheb\ELC4028-Neural-Networks\Assignment 1\Problem 3\Pipeline3\PracticalGroundTruth500_Unlabeled\3762.bmp,0,٠,"a centered, solid dot",0,٠,"a centered, solid dot",0.732035,True
3776,C:\Users\Moheb\ELC4028-Neural-Networks\Assignment 1\Problem 3\Pipeline3\PracticalGroundTruth500_Unlabeled\3776.bmp,9,٩,a small loop at the top with a straight descending tail,9,٩,a small loop at the top with a straight descending tail,0.483952,True
3778,C:\Users\Moheb\ELC4028-Neural-Networks\Assignment 1\Problem 3\Pipeline3\PracticalGroundTruth500_Unlabeled\3778.bmp,5,٥,a small teardrop or circle; resembles a Western 0,5,٥,a small teardrop or circle; resembles a Western 0,0.495337,True
3922,C:\Users\Moheb\ELC4028-Neural-Networks\Assignment 1\Problem 3\Pipeline3\PracticalGroundTruth500_Unlabeled\3922.bmp,7,٧,a sharp V-shape pointing downward,7,٧,a sharp V-shape pointing downward,0.468386,True
4009,C:\Users\Moheb\ELC4028-Neural-Networks\Assignment 1\Problem 3\Pipeline3\PracticalGroundTruth500_Unlabeled\4009.bmp,0,٠,"a centered, solid dot",0,٠,"a centered, solid dot",0.620806,True
4045,C:\Users\Moheb\ELC4028-Neural-Networks\Assignment 1\Problem 3\Pipeline3\PracticalGroundTruth500_Unlabeled\4045.bmp,7,٧,a sharp V-shape pointing downward,7,٧,a sharp V-shape pointing downward,0.545069,True
4106,C:\Users\Moheb\ELC4028-Neural-Networks\Assignment 1\Problem 3\Pipeline3\PracticalGroundTruth500_Unlabeled\4106.bmp,1,١,a simple vertical stroke,1,١,a simple vertical stroke,0.441265,True
4144,C:\Users\Moheb\ELC4028-Neural-Networks\Assignment 1\Problem 3\Pipeline3\PracticalGroundTruth500_Unlabeled\4144.bmp,1,١,a simple vertical stroke,1,١,a simple vertical stroke,0.652513,True
4186,C:\Users\Moheb\ELC4028-Neural-Networks\Assignment 1\Problem 3\Pipeline3\PracticalGroundTruth500_Unlabeled\4186.bmp,7,٧,a sharp V-shape pointing downward,7,٧,a sharp V-shape pointing downward,0.559329,True
4227,C:\Users\Moheb\ELC4028-Neural-Networks\Assignment 1\Problem 3\Pipeline3\PracticalGroundTruth500_Unlabeled\4227.bmp,1,١,a simple vertical stroke,1,١,a simple vertical stroke,0.522890,True
4229,C:\Users\Moheb\ELC4028-Neural-Networks\Assignment 1\Problem 3\Pipeline3\PracticalGroundTruth500_Unlabeled\4229.bmp,2,٢,a horizontal hook curving into a vertical line; like a reversed 7,2,٢,a horizontal hook curving into a vertical line; like a reversed 7,0.272829,True
4230,C:\Users\Moheb\ELC4028-Neural-Networks\Assignment 1\Problem 3\Pipeline3\PracticalGroundTruth500_Unlabeled\4230.bmp,7,٧,a sharp V-shape pointing downward,7,٧,a sharp V-shape pointing downward,0.353518,True
4251,C:\Users\Moheb\ELC4028-Neural-Networks\Assignment 1\Problem 3\Pipeline3\PracticalGroundTruth500_Unlabeled\4251.bmp,9,٩,a small loop at the top with a straight descending tail,9,٩,a small loop at the top with a straight descending tail,0.370107,True
4261,C:\Users\Moheb\ELC4028-Neural-Networks\Assignment 1\Problem 3\Pipeline3\PracticalGroundTruth500_Unlabeled\4261.bmp,5,٥,a small teardrop or circle; resembles a Western 0,5,٥,a small teardrop or circle; resembles a Western 0,0.576963,True
4318,C:\Users\Moheb\ELC4028-Neural-Networks\Assignment 1\Problem 3\Pipeline3\PracticalGroundTruth500_Unlabeled\4318.bmp,7,٧,a sharp V-shape pointing downward,7,٧,a sharp V-shape pointing downward,0.490452,True
4351,C:\Users\Moheb\ELC4028-Neural-Networks\Assignment 1\Problem 3\Pipeline3\PracticalGroundTruth500_Unlabeled\4351.bmp,4,٤,a mirrored cursive 'E' or a zig-zag shape with two loops,4,٤,a mirrored cursive 'E' or a zig-zag shape with two loops,0.532050,True
4407,C:\Users\Moheb\ELC4028-Neural-Networks\Assignment 1\Problem 3\Pipeline3\PracticalGroundTruth500_Unlabeled\4407.bmp,0,٠,"a centered, solid dot",0,٠,"a centered, solid dot",0.602736,True
4495,C:\Users\Moheb\ELC4028-Neural-Networks\Assignment 1\Problem 3\Pipeline3\PracticalGroundTruth500_Unlabeled\4495.bmp,5,٥,a small teardrop or circle; resembles a Western 0,5,٥,a small teardrop or circle; resembles a Western 0,0.555526,True
4567,C:\Users\Moheb\ELC4028-Neural-Networks\Assignment 1\Problem 3\Pipeline3\PracticalGroundTruth500_Unlabeled\4567.bmp,3,٣,a horizontal stroke with two small peaks or 'teeth' curving down,3,٣,a horizontal stroke with two small peaks or 'teeth' curving down,0.444736,True
4588,C:\Users\Moheb\ELC4028-Neural-Networks\Assignment 1\Problem 3\Pipeline3\PracticalGroundTruth500_Unlabeled\4588.bmp,2,٢,a horizontal hook curving into a vertical line; like a reversed 7,2,٢,a horizontal hook curving into a vertical line; like a reversed 7,0.299023,True
4682,C:\Users\Moheb\ELC4028-Neural-Networks\Assignment 1\Problem 3\Pipeline3\PracticalGroundTruth500_Unlabeled\4682.bmp,3,٣,a horizontal stroke with two small peaks or 'teeth' curving down,3,٣,a horizontal stroke with two small peaks or 'teeth' curving down,0.463455,True
4699,C:\Users\Moheb\ELC4028-Neural-Networks\Assignment 1\Problem 3\Pipeline3\PracticalGroundTruth500_Unlabeled\4699.bmp,9,٩,a small loop at the top with a straight descending tail,5,٥,a small teardrop or circle; resembles a Western 0,0.226344,False
4702,C:\Users\Moheb\ELC4028-Neural-Networks\Assignment 1\Problem 3\Pipeline3\PracticalGroundTruth500_Unlabeled\4702.bmp,5,٥,a small teardrop or circle; resembles a Western 0,5,٥,a small teardrop or circle; resembles a Western 0,0.371762,True
4716,C:\Users\Moheb\ELC4028-Neural-Networks\Assignment 1\Problem 3\Pipeline3\PracticalGroundTruth500_Unlabeled\4716.bmp,2,٢,a horizontal hook curving into a vertical line; like a reversed 7,2,٢,a horizontal hook curving into a vertical line; like a reversed 7,0.390839,True
4799,C:\Users\Moheb\ELC4028-Neural-Networks\Assignment 1\Problem 3\Pipeline3\PracticalGroundTruth500_Unlabeled\4799.bmp,8,٨,an inverted V-shape pointing upward like a mountain peak,8,٨,an inverted V-shape pointing upward like a mountain peak,0.499439,True
4864,C:\Users\Moheb\ELC4028-Neural-Networks\Assignment 1\Problem 3\Pipeline3\PracticalGroundTruth500_Unlabeled\4864.bmp,6,٦,a horizontal line curving down to the left; like a 7,6,٦,a horizontal line curving down to the left; like a 7,0.205578,True
4888,C:\Users\Moheb\ELC4028-Neural-Networks\Assignment 1\Problem 3\Pipeline3\PracticalGroundTruth500_Unlabeled\4888.bmp,2,٢,a horizontal hook curving into a vertical line; like a reversed 7,2,٢,a horizontal hook curving into a vertical line; like a reversed 7,0.439503,True
4928,C:\Users\Moheb\ELC4028-Neural-Networks\Assignment 1\Problem 3\Pipeline3\PracticalGroundTruth500_Unlabeled\4928.bmp,7,٧,a sharp V-shape pointing downward,7,٧,a sharp V-shape pointing downward,0.545276,True
4964,C:\Users\Moheb\ELC4028-Neural-Networks\Assignment 1\Problem 3\Pipeline3\PracticalGroundTruth500_Unlabeled\4964.bmp,9,٩,a small loop at the top with a straight descending tail,9,٩,a small loop at the top with a straight descending tail,0.343181,True
4968,C:\Users\Moheb\ELC4028-Neural-Networks\Assignment 1\Problem 3\Pipeline3\PracticalGroundTruth500_Unlabeled\4968.bmp,7,٧,a sharp V-shape pointing downward,7,٧,a sharp V-shape pointing downward,0.559377,True
4984,C:\Users\Moheb\ELC4028-Neural-Networks\Assignment 1\Problem 3\Pipeline3\PracticalGroundTruth500_Unlabeled\4984.bmp,3,٣,a horizontal stroke with two small peaks or 'teeth' curving down,3,٣,a horizontal stroke with two small peaks or 'teeth' curving down,0.425433,True
5024,C:\Users\Moheb\ELC4028-Neural-Networks\Assignment 1\Problem 3\Pipeline3\PracticalGroundTruth500_Unlabeled\5024.bmp,6,٦,a horizontal line curving down to the left; like a 7,6,٦,a horizontal line curving down to the left; like a 7,0.477924,True
5128,C:\Users\Moheb\ELC4028-Neural-Networks\Assignment 1\Problem 3\Pipeline3\PracticalGroundTruth500_Unlabeled\5128.bmp,9,٩,a small loop at the top with a straight descending tail,9,٩,a small loop at the top with a straight descending tail,0.472410,True
5165,C:\Users\Moheb\ELC4028-Neural-Networks\Assignment 1\Problem 3\Pipeline3\PracticalGroundTruth500_Unlabeled\5165.bmp,1,١,a simple vertical stroke,1,١,a simple vertical stroke,0.569521,True
5194,C:\Users\Moheb\ELC4028-Neural-Networks\Assignment 1\Problem 3\Pipeline3\PracticalGroundTruth500_Unlabeled\5194.bmp,8,٨,an inverted V-shape pointing upward like a mountain peak,8,٨,an inverted V-shape pointing upward like a mountain peak,0.530260,True
5254,C:\Users\Moheb\ELC4028-Neural-Networks\Assignment 1\Problem 3\Pipeline3\PracticalGroundTruth500_Unlabeled\5254.bmp,9,٩,a small loop at the top with a straight descending tail,9,٩,a small loop at the top with a straight descending tail,0.219773,True
5295,C:\Users\Moheb\ELC4028-Neural-Networks\Assignment 1\Problem 3\Pipeline3\PracticalGroundTruth500_Unlabeled\5295.bmp,9,٩,a small loop at the top with a straight descending tail,9,٩,a small loop at the top with a straight descending tail,0.418758,True
5346,C:\Users\Moheb\ELC4028-Neural-Networks\Assignment 1\Problem 3\Pipeline3\PracticalGroundTruth500_Unlabeled\5346.bmp,5,٥,a small teardrop or circle; resembles a Western 0,5,٥,a small teardrop or circle; resembles a Western 0,0.566055,True
5359,C:\Users\Moheb\ELC4028-Neural-Networks\Assignment 1\Problem 3\Pipeline3\PracticalGroundTruth500_Unlabeled\5359.bmp,4,٤,a mirrored cursive 'E' or a zig-zag shape with two loops,4,٤,a mirrored cursive 'E' or a zig-zag shape with two loops,0.325978,True
5406,C:\Users\Moheb\ELC4028-Neural-Networks\Assignment 1\Problem 3\Pipeline3\PracticalGroundTruth500_Unlabeled\5406.bmp,0,٠,"a centered, solid dot",0,٠,"a centered, solid dot",0.743341,True
5418,C:\Users\Moheb\ELC4028-Neural-Networks\Assignment 1\Problem 3\Pipeline3\PracticalGroundTruth500_Unlabeled\5418.bmp,0,٠,"a centered, solid dot",0,٠,"a centered, solid dot",0.732518,True
5515,C:\Users\Moheb\ELC4028-Neural-Networks\Assignment 1\Problem 3\Pipeline3\PracticalGroundTruth500_Unlabeled\5515.bmp,2,٢,a horizontal hook curving into a vertical line; like a reversed 7,2,٢,a horizontal hook curving into a vertical line; like a reversed 7,0.416925,True
5547,C:\Users\Moheb\ELC4028-Neural-Networks\Assignment 1\Problem 3\Pipeline3\PracticalGroundTruth500_Unlabeled\5547.bmp,5,٥,a small teardrop or circle; resembles a Western 0,5,٥,a small teardrop or circle; resembles a Western 0,0.490868,True
5659,C:\Users\Moheb\ELC4028-Neural-Networks\Assignment 1\Problem 3\Pipeline3\PracticalGroundTruth500_Unlabeled\5659.bmp,9,٩,a small loop at the top with a straight descending tail,9,٩,a small loop at the top with a straight descending tail,0.380724,True
5671,C:\Users\Moheb\ELC4028-Neural-Networks\Assignment 1\Problem 3\Pipeline3\PracticalGroundTruth500_Unlabeled\5671.bmp,5,٥,a small teardrop or circle; resembles a Western 0,5,٥,a small teardrop or circle; resembles a Western 0,0.462074,True
5735,C:\Users\Moheb\ELC4028-Neural-Networks\Assignment 1\Problem 3\Pipeline3\PracticalGroundTruth500_Unlabeled\5735.bmp,9,٩,a small loop at the top with a straight descending tail,9,٩,a small loop at the top with a straight descending tail,0.472461,True
5749,C:\Users\Moheb\ELC4028-Neural-Networks\Assignment 1\Problem 3\Pipeline3\PracticalGroundTruth500_Unlabeled\5749.bmp,3,٣,a horizontal stroke with two small peaks or 'teeth' curving down,3,٣,a horizontal stroke with two small peaks or 'teeth' curving down,0.475696,True
5753,C:\Users\Moheb\ELC4028-Neural-Networks\Assignment 1\Problem 3\Pipeline3\PracticalGroundTruth500_Unlabeled\5753.bmp,6,٦,a horizontal line curving down to the left; like a 7,6,٦,a horizontal line curving down to the left; like a 7,0.475788,True
5782,C:\Users\Moheb\ELC4028-Neural-Networks\Assignment 1\Problem 3\Pipeline3\PracticalGroundTruth500_Unlabeled\5782.bmp,1,١,a simple vertical stroke,1,١,a simple vertical stroke,0.626175,True
5801,C:\Users\Moheb\ELC4028-Neural-Networks\Assignment 1\Problem 3\Pipeline3\PracticalGroundTruth500_Unlabeled\5801.bmp,0,٠,"a centered, solid dot",0,٠,"a centered, solid dot",0.738275,True
5818,C:\Users\Moheb\ELC4028-Neural-Networks\Assignment 1\Problem 3\Pipeline3\PracticalGroundTruth500_Unlabeled\5818.bmp,2,٢,a horizontal hook curving into a vertical line; like a reversed 7,2,٢,a horizontal hook curving into a vertical line; like a reversed 7,0.460878,True
5915,C:\Users\Moheb\ELC4028-Neural-Networks\Assignment 1\Problem 3\Pipeline3\PracticalGroundTruth500_Unlabeled\5915.bmp,4,٤,a mirrored cursive 'E' or a zig-zag shape with two loops,4,٤,a mirrored cursive 'E' or a zig-zag shape with two loops,0.536957,True
5924,C:\Users\Moheb\ELC4028-Neural-Networks\Assignment 1\Problem 3\Pipeline3\PracticalGroundTruth500_Unlabeled\5924.bmp,6,٦,a horizontal line curving down to the left; like a 7,6,٦,a horizontal line curving down to the left; like a 7,0.526351,True
5995,C:\Users\Moheb\ELC4028-Neural-Networks\Assignment 1\Problem 3\Pipeline3\PracticalGroundTruth500_Unlabeled\5995.bmp,0,٠,"a centered, solid dot",0,٠,"a centered, solid dot",0.741824,True
6001,C:\Users\Moheb\ELC4028-Neural-Networks\Assignment 1\Problem 3\Pipeline3\PracticalGroundTruth500_Unlabeled\6001.bmp,1,١,a simple vertical stroke,1,١,a simple vertical stroke,0.638396,True
6059,C:\Users\Moheb\ELC4028-Neural-Networks\Assignment 1\Problem 3\Pipeline3\PracticalGroundTruth500_Unlabeled\6059.bmp,3,٣,a horizontal stroke with two small peaks or 'teeth' curving down,3,٣,a horizontal stroke with two small peaks or 'teeth' curving down,0.409553,True
6074,C:\Users\Moheb\ELC4028-Neural-Networks\Assignment 1\Problem 3\Pipeline3\PracticalGroundTruth500_Unlabeled\6074.bmp,3,٣,a horizontal stroke with two small peaks or 'teeth' curving down,3,٣,a horizontal stroke with two small peaks or 'teeth' curving down,0.372551,True
6186,C:\Users\Moheb\ELC4028-Neural-Networks\Assignment 1\Problem 3\Pipeline3\PracticalGroundTruth500_Unlabeled\6186.bmp,8,٨,an inverted V-shape pointing upward like a mountain peak,8,٨,an inverted V-shape pointing upward like a mountain peak,0.445333,True
6216,C:\Users\Moheb\ELC4028-Neural-Networks\Assignment 1\Problem 3\Pipeline3\PracticalGroundTruth500_Unlabeled\6216.bmp,2,٢,a horizontal hook curving into a vertical line; like a reversed 7,2,٢,a horizontal hook curving into a vertical line; like a reversed 7,0.429031,True
6228,C:\Users\Moheb\ELC4028-Neural-Networks\Assignment 1\Problem 3\Pipeline3\PracticalGroundTruth500_Unlabeled\6228.bmp,1,١,a simple vertical stroke,1,١,a simple vertical stroke,0.587667,True
6315,C:\Users\Moheb\ELC4028-Neural-Networks\Assignment 1\Problem 3\Pipeline3\PracticalGroundTruth500_Unlabeled\6315.bmp,2,٢,a horizontal hook curving into a vertical line; like a reversed 7,2,٢,a horizontal hook curving into a vertical line; like a reversed 7,0.280588,True
6316,C:\Users\Moheb\ELC4028-Neural-Networks\Assignment 1\Problem 3\Pipeline3\PracticalGroundTruth500_Unlabeled\6316.bmp,0,٠,"a centered, solid dot",0,٠,"a centered, solid dot",0.574737,True
6347,C:\Users\Moheb\ELC4028-Neural-Networks\Assignment 1\Problem 3\Pipeline3\PracticalGroundTruth500_Unlabeled\6347.bmp,1,١,a simple vertical stroke,1,١,a simple vertical stroke,0.645415,True
6354,C:\Users\Moheb\ELC4028-Neural-Networks\Assignment 1\Problem 3\Pipeline3\PracticalGroundTruth500_Unlabeled\6354.bmp,9,٩,a small loop at the top with a straight descending tail,9,٩,a small loop at the top with a straight descending tail,0.274000,True
6369,C:\Users\Moheb\ELC4028-Neural-Networks\Assignment 1\Problem 3\Pipeline3\PracticalGroundTruth500_Unlabeled\6369.bmp,8,٨,an inverted V-shape pointing upward like a mountain peak,8,٨,an inverted V-shape pointing upward like a mountain peak,0.558208,True
6439,C:\Users\Moheb\ELC4028-Neural-Networks\Assignment 1\Problem 3\Pipeline3\PracticalGroundTruth500_Unlabeled\6439.bmp,1,١,a simple vertical stroke,1,١,a simple vertical stroke,0.641920,True
6447,C:\Users\Moheb\ELC4028-Neural-Networks\Assignment 1\Problem 3\Pipeline3\PracticalGroundTruth500_Unlabeled\6447.bmp,8,٨,an inverted V-shape pointing upward like a mountain peak,8,٨,an inverted V-shape pointing upward like a mountain peak,0.335513,True
6499,C:\Users\Moheb\ELC4028-Neural-Networks\Assignment 1\Problem 3\Pipeline3\PracticalGroundTruth500_Unlabeled\6499.bmp,9,٩,a small loop at the top with a straight descending tail,9,٩,a small loop at the top with a straight descending tail,0.292166,True
6521,C:\Users\Moheb\ELC4028-Neural-Networks\Assignment 1\Problem 3\Pipeline3\PracticalGroundTruth500_Unlabeled\6521.bmp,2,٢,a horizontal hook curving into a vertical line; like a reversed 7,2,٢,a horizontal hook curving into a vertical line; like a reversed 7,0.358250,True
6548,C:\Users\Moheb\ELC4028-Neural-Networks\Assignment 1\Problem 3\Pipeline3\PracticalGroundTruth500_Unlabeled\6548.bmp,1,١,a simple vertical stroke,1,١,a simple vertical stroke,0.602865,True
6559,C:\Users\Moheb\ELC4028-Neural-Networks\Assignment 1\Problem 3\Pipeline3\PracticalGroundTruth500_Unlabeled\6559.bmp,2,٢,a horizontal hook curving into a vertical line; like a reversed 7,2,٢,a horizontal hook curving into a vertical line; like a reversed 7,0.416899,True
6602,C:\Users\Moheb\ELC4028-Neural-Networks\Assignment 1\Problem 3\Pipeline3\PracticalGroundTruth500_Unlabeled\6602.bmp,7,٧,a sharp V-shape pointing downward,7,٧,a sharp V-shape pointing downward,0.568294,True
6722,C:\Users\Moheb\ELC4028-Neural-Networks\Assignment 1\Problem 3\Pipeline3\PracticalGroundTruth500_Unlabeled\6722.bmp,8,٨,an inverted V-shape pointing upward like a mountain peak,8,٨,an inverted V-shape pointing upward like a mountain peak,0.419804,True
6750,C:\Users\Moheb\ELC4028-Neural-Networks\Assignment 1\Problem 3\Pipeline3\PracticalGroundTruth500_Unlabeled\6750.bmp,8,٨,an inverted V-shape pointing upward like a mountain peak,8,٨,an inverted V-shape pointing upward like a mountain peak,0.546507,True
6776,C:\Users\Moheb\ELC4028-Neural-Networks\Assignment 1\Problem 3\Pipeline3\PracticalGroundTruth500_Unlabeled\6776.bmp,3,٣,a horizontal stroke with two small peaks or 'teeth' curving down,3,٣,a horizontal stroke with two small peaks or 'teeth' curving down,0.385853,True
6830,C:\Users\Moheb\ELC4028-Neural-Networks\Assignment 1\Problem 3\Pipeline3\PracticalGroundTruth500_Unlabeled\6830.bmp,9,٩,a small loop at the top with a straight descending tail,9,٩,a small loop at the top with a straight descending tail,0.465357,True
6934,C:\Users\Moheb\ELC4028-Neural-Networks\Assignment 1\Problem 3\Pipeline3\PracticalGroundTruth500_Unlabeled\6934.bmp,6,٦,a horizontal line curving down to the left; like a 7,6,٦,a horizontal line curving down to the left; like a 7,0.401219,True
7099,C:\Users\Moheb\ELC4028-Neural-Networks\Assignment 1\Problem 3\Pipeline3\PracticalGroundTruth500_Unlabeled\7099.bmp,7,٧,a sharp V-shape pointing downward,7,٧,a sharp V-shape pointing downward,0.518054,True
7136,C:\Users\Moheb\ELC4028-Neural-Networks\Assignment 1\Problem 3\Pipeline3\PracticalGroundTruth500_Unlabeled\7136.bmp,4,٤,a mirrored cursive 'E' or a zig-zag shape with two loops,4,٤,a mirrored cursive 'E' or a zig-zag shape with two loops,0.414873,True
7141,C:\Users\Moheb\ELC4028-Neural-Networks\Assignment 1\Problem 3\Pipeline3\PracticalGroundTruth500_Unlabeled\7141.bmp,7,٧,a sharp V-shape pointing downward,7,٧,a sharp V-shape pointing downward,0.427229,True
7170,C:\Users\Moheb\ELC4028-Neural-Networks\Assignment 1\Problem 3\Pipeline3\PracticalGroundTruth500_Unlabeled\7170.bmp,3,٣,a horizontal stroke with two small peaks or 'teeth' curving down,3,٣,a horizontal stroke with two small peaks or 'teeth' curving down,0.356578,True
7187,C:\Users\Moheb\ELC4028-Neural-Networks\Assignment 1\Problem 3\Pipeline3\PracticalGroundTruth500_Unlabeled\7187.bmp,5,٥,a small teardrop or circle; resembles a Western 0,5,٥,a small teardrop or circle; resembles a Western 0,0.529115,True
7235,C:\Users\Moheb\ELC4028-Neural-Networks\Assignment 1\Problem 3\Pipeline3\PracticalGroundTruth500_Unlabeled\7235.bmp,8,٨,an inverted V-shape pointing upward like a mountain peak,8,٨,an inverted V-shape pointing upward like a mountain peak,0.285943,True
7312,C:\Users\Moheb\ELC4028-Neural-Networks\Assignment 1\Problem 3\Pipeline3\PracticalGroundTruth500_Unlabeled\7312.bmp,9,٩,a small loop at the top with a straight descending tail,9,٩,a small loop at the top with a straight descending tail,0.472674,True
7315,C:\Users\Moheb\ELC4028-Neural-Networks\Assignment 1\Problem 3\Pipeline3\PracticalGroundTruth500_Unlabeled\7315.bmp,3,٣,a horizontal stroke with two small peaks or 'teeth' curving down,3,٣,a horizontal stroke with two small peaks or 'teeth' curving down,0.370027,True
7328,C:\Users\Moheb\ELC4028-Neural-Networks\Assignment 1\Problem 3\Pipeline3\PracticalGroundTruth500_Unlabeled\7328.bmp,7,٧,a sharp V-shape pointing downward,7,٧,a sharp V-shape pointing downward,0.563239,True
7329,C:\Users\Moheb\ELC4028-Neural-Networks\Assignment 1\Problem 3\Pipeline3\PracticalGroundTruth500_Unlabeled\7329.bmp,1,١,a simple vertical stroke,1,١,a simple vertical stroke,0.584900,True
7470,C:\Users\Moheb\ELC4028-Neural-Networks\Assignment 1\Problem 3\Pipeline3\PracticalGroundTruth500_Unlabeled\7470.bmp,5,٥,a small teardrop or circle; resembles a Western 0,5,٥,a small teardrop or circle; resembles a Western 0,0.555726,True
7565,C:\Users\Moheb\ELC4028-Neural-Networks\Assignment 1\Problem 3\Pipeline3\PracticalGroundTruth500_Unlabeled\7565.bmp,9,٩,a small loop at the top with a straight descending tail,9,٩,a small loop at the top with a straight descending tail,0.489983,True
7641,C:\Users\Moheb\ELC4028-Neural-Networks\Assignment 1\Problem 3\Pipeline3\PracticalGroundTruth500_Unlabeled\7641.bmp,9,٩,a small loop at the top with a straight descending tail,9,٩,a small loop at the top with a straight descending tail,0.303365,True
7662,C:\Users\Moheb\ELC4028-Neural-Networks\Assignment 1\Problem 3\Pipeline3\PracticalGroundTruth500_Unlabeled\7662.bmp,8,٨,an inverted V-shape pointing upward like a mountain peak,8,٨,an inverted V-shape pointing upward like a mountain peak,0.498487,True
7706,C:\Users\Moheb\ELC4028-Neural-Networks\Assignment 1\Problem 3\Pipeline3\PracticalGroundTruth500_Unlabeled\7706.bmp,6,٦,a horizontal line curving down to the left; like a 7,6,٦,a horizontal line curving down to the left; like a 7,0.443551,True
7743,C:\Users\Moheb\ELC4028-Neural-Networks\Assignment 1\Problem 3\Pipeline3\PracticalGroundTruth500_Unlabeled\7743.bmp,9,٩,a small loop at the top with a straight descending tail,9,٩,a small loop at the top with a straight descending tail,0.384704,True
7761,C:\Users\Moheb\ELC4028-Neural-Networks\Assignment 1\Problem 3\Pipeline3\PracticalGroundTruth500_Unlabeled\7761.bmp,0,٠,"a centered, solid dot",0,٠,"a centered, solid dot",0.790805,True
7763,C:\Users\Moheb\ELC4028-Neural-Networks\Assignment 1\Problem 3\Pipeline3\PracticalGroundTruth500_Unlabeled\7763.bmp,6,٦,a horizontal line curving down to the left; like a 7,6,٦,a horizontal line curving down to the left; like a 7,0.401491,True
7779,C:\Users\Moheb\ELC4028-Neural-Networks\Assignment 1\Problem 3\Pipeline3\PracticalGroundTruth500_Unlabeled\7779.bmp,1,١,a simple vertical stroke,1,١,a simple vertical stroke,0.636674,True
7790,C:\Users\Moheb\ELC4028-Neural-Networks\Assignment 1\Problem 3\Pipeline3\PracticalGroundTruth500_Unlabeled\7790.bmp,2,٢,a horizontal hook curving into a vertical line; like a reversed 7,2,٢,a horizontal hook curving into a vertical line; like a reversed 7,0.432337,True
7807,C:\Users\Moheb\ELC4028-Neural-Networks\Assignment 1\Problem 3\Pipeline3\PracticalGroundTruth500_Unlabeled\7807.bmp,3,٣,a horizontal stroke with two small peaks or 'teeth' curving down,3,٣,a horizontal stroke with two small peaks or 'teeth' curving down,0.400641,True
7829,C:\Users\Moheb\ELC4028-Neural-Networks\Assignment 1\Problem 3\Pipeline3\PracticalGroundTruth500_Unlabeled\7829.bmp,7,٧,a sharp V-shape pointing downward,7,٧,a sharp V-shape pointing downward,0.410147,True
7831,C:\Users\Moheb\ELC4028-Neural-Networks\Assignment 1\Problem 3\Pipeline3\PracticalGroundTruth500_Unlabeled\7831.bmp,2,٢,a horizontal hook curving into a vertical line; like a reversed 7,2,٢,a horizontal hook curving into a vertical line; like a reversed 7,0.455726,True
7833,C:\Users\Moheb\ELC4028-Neural-Networks\Assignment 1\Problem 3\Pipeline3\PracticalGroundTruth500_Unlabeled\7833.bmp,8,٨,an inverted V-shape pointing upward like a mountain peak,8,٨,an inverted V-shape pointing upward like a mountain peak,0.501579,True
7841,C:\Users\Moheb\ELC4028-Neural-Networks\Assignment 1\Problem 3\Pipeline3\PracticalGroundTruth500_Unlabeled\7841.bmp,3,٣,a horizontal stroke with two small peaks or 'teeth' curving down,3,٣,a horizontal stroke with two small peaks or 'teeth' curving down,0.387285,True
7889,C:\Users\Moheb\ELC4028-Neural-Networks\Assignment 1\Problem 3\Pipeline3\PracticalGroundTruth500_Unlabeled\7889.bmp,8,٨,an inverted V-shape pointing upward like a mountain peak,8,٨,an inverted V-shape pointing upward like a mountain peak,0.290276,True
7897,C:\Users\Moheb\ELC4028-Neural-Networks\Assignment 1\Problem 3\Pipeline3\PracticalGroundTruth500_Unlabeled\7897.bmp,4,٤,a mirrored cursive 'E' or a zig-zag shape with two loops,4,٤,a mirrored cursive 'E' or a zig-zag shape with two loops,0.508754,True
7899,C:\Users\Moheb\ELC4028-Neural-Networks\Assignment 1\Problem 3\Pipeline3\PracticalGroundTruth500_Unlabeled\7899.bmp,1,١,a simple vertical stroke,1,١,a simple vertical stroke,0.527996,True
7990,C:\Users\Moheb\ELC4028-Neural-Networks\Assignment 1\Problem 3\Pipeline3\PracticalGroundTruth500_Unlabeled\7990.bmp,4,٤,a mirrored cursive 'E' or a zig-zag shape with two loops,4,٤,a mirrored cursive 'E' or a zig-zag shape with two loops,0.538640,True
8004,C:\Users\Moheb\ELC4028-Neural-Networks\Assignment 1\Problem 3\Pipeline3\PracticalGroundTruth500_Unlabeled\8004.bmp,4,٤,a mirrored cursive 'E' or a zig-zag shape with two loops,4,٤,a mirrored cursive 'E' or a zig-zag shape with two loops,0.536832,True
8085,C:\Users\Moheb\ELC4028-Neural-Networks\Assignment 1\Problem 3\Pipeline3\PracticalGroundTruth500_Unlabeled\8085.bmp,7,٧,a sharp V-shape pointing downward,7,٧,a sharp V-shape pointing downward,0.571371,True
8163,C:\Users\Moheb\ELC4028-Neural-Networks\Assignment 1\Problem 3\Pipeline3\PracticalGroundTruth500_Unlabeled\8163.bmp,1,١,a simple vertical stroke,1,١,a simple vertical stroke,0.624052,True
8171,C:\Users\Moheb\ELC4028-Neural-Networks\Assignment 1\Problem 3\Pipeline3\PracticalGroundTruth500_Unlabeled\8171.bmp,8,٨,an inverted V-shape pointing upward like a mountain peak,8,٨,an inverted V-shape pointing upward like a mountain peak,0.540633,True
8187,C:\Users\Moheb\ELC4028-Neural-Networks\Assignment 1\Problem 3\Pipeline3\PracticalGroundTruth500_Unlabeled\8187.bmp,9,٩,a small loop at the top with a straight descending tail,9,٩,a small loop at the top with a straight descending tail,0.333199,True
8234,C:\Users\Moheb\ELC4028-Neural-Networks\Assignment 1\Problem 3\Pipeline3\PracticalGroundTruth500_Unlabeled\8234.bmp,1,١,a simple vertical stroke,1,١,a simple vertical stroke,0.578914,True
8237,C:\Users\Moheb\ELC4028-Neural-Networks\Assignment 1\Problem 3\Pipeline3\PracticalGroundTruth500_Unlabeled\8237.bmp,0,٠,"a centered, solid dot",0,٠,"a centered, solid dot",0.689972,True
8247,C:\Users\Moheb\ELC4028-Neural-Networks\Assignment 1\Problem 3\Pipeline3\PracticalGroundTruth500_Unlabeled\8247.bmp,6,٦,a horizontal line curving down to the left; like a 7,6,٦,a horizontal line curving down to the left; like a 7,0.493676,True
8305,C:\Users\Moheb\ELC4028-Neural-Networks\Assignment 1\Problem 3\Pipeline3\PracticalGroundTruth500_Unlabeled\8305.bmp,1,١,a simple vertical stroke,1,١,a simple vertical stroke,0.600469,True
8310,C:\Users\Moheb\ELC4028-Neural-Networks\Assignment 1\Problem 3\Pipeline3\PracticalGroundTruth500_Unlabeled\8310.bmp,7,٧,a sharp V-shape pointing downward,7,٧,a sharp V-shape pointing downward,0.503060,True
8335,C:\Users\Moheb\ELC4028-Neural-Networks\Assignment 1\Problem 3\Pipeline3\PracticalGroundTruth500_Unlabeled\8335.bmp,7,٧,a sharp V-shape pointing downward,7,٧,a sharp V-shape pointing downward,0.496073,True
8383,C:\Users\Moheb\ELC4028-Neural-Networks\Assignment 1\Problem 3\Pipeline3\PracticalGroundTruth500_Unlabeled\8383.bmp,6,٦,a horizontal line curving down to the left; like a 7,6,٦,a horizontal line curving down to the left; like a 7,0.493539,True
8385,C:\Users\Moheb\ELC4028-Neural-Networks\Assignment 1\Problem 3\Pipeline3\PracticalGroundTruth500_Unlabeled\8385.bmp,0,٠,"a centered, solid dot",0,٠,"a centered, solid dot",0.748212,True
8401,C:\Users\Moheb\ELC4028-Neural-Networks\Assignment 1\Problem 3\Pipeline3\PracticalGroundTruth500_Unlabeled\8401.bmp,9,٩,a small loop at the top with a straight descending tail,9,٩,a small loop at the top with a straight descending tail,0.417251,True
8409,C:\Users\Moheb\ELC4028-Neural-Networks\Assignment 1\Problem 3\Pipeline3\PracticalGroundTruth500_Unlabeled\8409.bmp,3,٣,a horizontal stroke with two small peaks or 'teeth' curving down,3,٣,a horizontal stroke with two small peaks or 'teeth' curving down,0.380612,True
8437,C:\Users\Moheb\ELC4028-Neural-Networks\Assignment 1\Problem 3\Pipeline3\PracticalGroundTruth500_Unlabeled\8437.bmp,0,٠,"a centered, solid dot",0,٠,"a centered, solid dot",0.757031,True
8513,C:\Users\Moheb\ELC4028-Neural-Networks\Assignment 1\Problem 3\Pipeline3\PracticalGroundTruth500_Unlabeled\8513.bmp,8,٨,an inverted V-shape pointing upward like a mountain peak,8,٨,an inverted V-shape pointing upward like a mountain peak,0.321943,True
8517,C:\Users\Moheb\ELC4028-Neural-Networks\Assignment 1\Problem 3\Pipeline3\PracticalGroundTruth500_Unlabeled\8517.bmp,1,١,a simple vertical stroke,1,١,a simple vertical stroke,0.573281,True
8568,C:\Users\Moheb\ELC4028-Neural-Networks\Assignment 1\Problem 3\Pipeline3\PracticalGroundTruth500_Unlabeled\8568.bmp,7,٧,a sharp V-shape pointing downward,7,٧,a sharp V-shape pointing downward,0.532228,True
8597,C:\Users\Moheb\ELC4028-Neural-Networks\Assignment 1\Problem 3\Pipeline3\PracticalGroundTruth500_Unlabeled\8597.bmp,7,٧,a sharp V-shape pointing downward,7,٧,a sharp V-shape pointing downward,0.500522,True
8601,C:\Users\Moheb\ELC4028-Neural-Networks\Assignment 1\Problem 3\Pipeline3\PracticalGroundTruth500_Unlabeled\8601.bmp,2,٢,a horizontal hook curving into a vertical line; like a reversed 7,2,٢,a horizontal hook curving into a vertical line; like a reversed 7,0.372524,True
8661,C:\Users\Moheb\ELC4028-Neural-Networks\Assignment 1\Problem 3\Pipeline3\PracticalGroundTruth500_Unlabeled\8661.bmp,2,٢,a horizontal hook curving into a vertical line; like a reversed 7,2,٢,a horizontal hook curving into a vertical line; like a reversed 7,0.392628,True
8680,C:\Users\Moheb\ELC4028-Neural-Networks\Assignment 1\Problem 3\Pipeline3\PracticalGroundTruth500_Unlabeled\8680.bmp,6,٦,a horizontal line curving down to the left; like a 7,6,٦,a horizontal line curving down to the left; like a 7,0.405038,True
8688,C:\Users\Moheb\ELC4028-Neural-Networks\Assignment 1\Problem 3\Pipeline3\PracticalGroundTruth500_Unlabeled\8688.bmp,1,١,a simple vertical stroke,1,١,a simple vertical stroke,0.604771,True
8775,C:\Users\Moheb\ELC4028-Neural-Networks\Assignment 1\Problem 3\Pipeline3\PracticalGroundTruth500_Unlabeled\8775.bmp,4,٤,a mirrored cursive 'E' or a zig-zag shape with two loops,4,٤,a mirrored cursive 'E' or a zig-zag shape with two loops,0.485274,True
8797,C:\Users\Moheb\ELC4028-Neural-Networks\Assignment 1\Problem 3\Pipeline3\PracticalGroundTruth500_Unlabeled\8797.bmp,0,٠,"a centered, solid dot",0,٠,"a centered, solid dot",0.651903,True
8827,C:\Users\Moheb\ELC4028-Neural-Networks\Assignment 1\Problem 3\Pipeline3\PracticalGroundTruth500_Unlabeled\8827.bmp,2,٢,a horizontal hook curving into a vertical line; like a reversed 7,2,٢,a horizontal hook curving into a vertical line; like a reversed 7,0.356813,True
8834,C:\Users\Moheb\ELC4028-Neural-Networks\Assignment 1\Problem 3\Pipeline3\PracticalGroundTruth500_Unlabeled\8834.bmp,9,٩,a small loop at the top with a straight descending tail,9,٩,a small loop at the top with a straight descending tail,0.501953,True
8835,C:\Users\Moheb\ELC4028-Neural-Networks\Assignment 1\Problem 3\Pipeline3\PracticalGroundTruth500_Unlabeled\8835.bmp,1,١,a simple vertical stroke,1,١,a simple vertical stroke,0.618944,True
8841,C:\Users\Moheb\ELC4028-Neural-Networks\Assignment 1\Problem 3\Pipeline3\PracticalGroundTruth500_Unlabeled\8841.bmp,3,٣,a horizontal stroke with two small peaks or 'teeth' curving down,3,٣,a horizontal stroke with two small peaks or 'teeth' curving down,0.436904,True
8873,C:\Users\Moheb\ELC4028-Neural-Networks\Assignment 1\Problem 3\Pipeline3\PracticalGroundTruth500_Unlabeled\8873.bmp,7,٧,a sharp V-shape pointing downward,7,٧,a sharp V-shape pointing downward,0.533310,True
8918,C:\Users\Moheb\ELC4028-Neural-Networks\Assignment 1\Problem 3\Pipeline3\PracticalGroundTruth500_Unlabeled\8918.bmp,7,٧,a sharp V-shape pointing downward,7,٧,a sharp V-shape pointing downward,0.547744,True
8922,C:\Users\Moheb\ELC4028-Neural-Networks\Assignment 1\Problem 3\Pipeline3\PracticalGroundTruth500_Unlabeled\8922.bmp,1,١,a simple vertical stroke,1,١,a simple vertical stroke,0.625211,True
8969,C:\Users\Moheb\ELC4028-Neural-Networks\Assignment 1\Problem 3\Pipeline3\PracticalGroundTruth500_Unlabeled\8969.bmp,4,٤,a mirrored cursive 'E' or a zig-zag shape with two loops,4,٤,a mirrored cursive 'E' or a zig-zag shape with two loops,0.457455,True
8971,C:\Users\Moheb\ELC4028-Neural-Networks\Assignment 1\Problem 3\Pipeline3\PracticalGroundTruth500_Unlabeled\8971.bmp,0,٠,"a centered, solid dot",0,٠,"a centered, solid dot",0.754969,True
9009,C:\Users\Moheb\ELC4028-Neural-Networks\Assignment 1\Problem 3\Pipeline3\PracticalGroundTruth500_Unlabeled\9009.bmp,8,٨,an inverted V-shape pointing upward like a mountain peak,8,٨,an inverted V-shape pointing upward like a mountain peak,0.537298,True
9060,C:\Users\Moheb\ELC4028-Neural-Networks\Assignment 1\Problem 3\Pipeline3\PracticalGroundTruth500_Unlabeled\9060.bmp,3,٣,a horizontal stroke with two small peaks or 'teeth' curving down,3,٣,a horizontal stroke with two small peaks or 'teeth' curving down,0.431871,True
9096,C:\Users\Moheb\ELC4028-Neural-Networks\Assignment 1\Problem 3\Pipeline3\PracticalGroundTruth500_Unlabeled\9096.bmp,6,٦,a horizontal line curving down to the left; like a 7,6,٦,a horizontal line curving down to the left; like a 7,0.406060,True
9133,C:\Users\Moheb\ELC4028-Neural-Networks\Assignment 1\Problem 3\Pipeline3\PracticalGroundTruth500_Unlabeled\9133.bmp,4,٤,a mirrored cursive 'E' or a zig-zag shape with two loops,4,٤,a mirrored cursive 'E' or a zig-zag shape with two loops,0.387437,True
9201,C:\Users\Moheb\ELC4028-Neural-Networks\Assignment 1\Problem 3\Pipeline3\PracticalGroundTruth500_Unlabeled\9201.bmp,9,٩,a small loop at the top with a straight descending tail,9,٩,a small loop at the top with a straight descending tail,0.311816,True
9210,C:\Users\Moheb\ELC4028-Neural-Networks\Assignment 1\Problem 3\Pipeline3\PracticalGroundTruth500_Unlabeled\9210.bmp,5,٥,a small teardrop or circle; resembles a Western 0,5,٥,a small teardrop or circle; resembles a Western 0,0.468760,True
9217,C:\Users\Moheb\ELC4028-Neural-Networks\Assignment 1\Problem 3\Pipeline3\PracticalGroundTruth500_Unlabeled\9217.bmp,8,٨,an inverted V-shape pointing upward like a mountain peak,8,٨,an inverted V-shape pointing upward like a mountain peak,0.498696,True
9219,C:\Users\Moheb\ELC4028-Neural-Networks\Assignment 1\Problem 3\Pipeline3\PracticalGroundTruth500_Unlabeled\9219.bmp,6,٦,a horizontal line curving down to the left; like a 7,6,٦,a horizontal line curving down to the left; like a 7,0.530904,True
9239,C:\Users\Moheb\ELC4028-Neural-Networks\Assignment 1\Problem 3\Pipeline3\PracticalGroundTruth500_Unlabeled\9239.bmp,3,٣,a horizontal stroke with two small peaks or 'teeth' curving down,3,٣,a horizontal stroke with two small peaks or 'teeth' curving down,0.387595,True
9253,C:\Users\Moheb\ELC4028-Neural-Networks\Assignment 1\Problem 3\Pipeline3\PracticalGroundTruth500_Unlabeled\9253.bmp,9,٩,a small loop at the top with a straight descending tail,9,٩,a small loop at the top with a straight descending tail,0.317818,True
9259,C:\Users\Moheb\ELC4028-Neural-Networks\Assignment 1\Problem 3\Pipeline3\PracticalGroundTruth500_Unlabeled\9259.bmp,8,٨,an inverted V-shape pointing upward like a mountain peak,8,٨,an inverted V-shape pointing upward like a mountain peak,0.463676,True
9273,C:\Users\Moheb\ELC4028-Neural-Networks\Assignment 1\Problem 3\Pipeline3\PracticalGroundTruth500_Unlabeled\9273.bmp,1,١,a simple vertical stroke,1,١,a simple vertical stroke,0.400625,True
9296,C:\Users\Moheb\ELC4028-Neural-Networks\Assignment 1\Problem 3\Pipeline3\PracticalGroundTruth500_Unlabeled\9296.bmp,1,١,a simple vertical stroke,1,١,a simple vertical stroke,0.376096,True
9344,C:\Users\Moheb\ELC4028-Neural-Networks\Assignment 1\Problem 3\Pipeline3\PracticalGroundTruth500_Unlabeled\9344.bmp,7,٧,a sharp V-shape pointing downward,7,٧,a sharp V-shape pointing downward,0.502101,True
9409,C:\Users\Moheb\ELC4028-Neural-Networks\Assignment 1\Problem 3\Pipeline3\PracticalGroundTruth500_Unlabeled\9409.bmp,0,٠,"a centered, solid dot",0,٠,"a centered, solid dot",0.792453,True
9412,C:\Users\Moheb\ELC4028-Neural-Networks\Assignment 1\Problem 3\Pipeline3\PracticalGroundTruth500_Unlabeled\9412.bmp,4,٤,a mirrored cursive 'E' or a zig-zag shape with two loops,4,٤,a mirrored cursive 'E' or a zig-zag shape with two loops,0.451661,True
9421,C:\Users\Moheb\ELC4028-Neural-Networks\Assignment 1\Problem 3\Pipeline3\PracticalGroundTruth500_Unlabeled\9421.bmp,8,٨,an inverted V-shape pointing upward like a mountain peak,8,٨,an inverted V-shape pointing upward like a mountain peak,0.477960,True
9441,C:\Users\Moheb\ELC4028-Neural-Networks\Assignment 1\Problem 3\Pipeline3\PracticalGroundTruth500_Unlabeled\9441.bmp,5,٥,a small teardrop or circle; resembles a Western 0,5,٥,a small teardrop or circle; resembles a Western 0,0.566728,True
9469,C:\Users\Moheb\ELC4028-Neural-Networks\Assignment 1\Problem 3\Pipeline3\PracticalGroundTruth500_Unlabeled\9469.bmp,4,٤,a mirrored cursive 'E' or a zig-zag shape with two loops,4,٤,a mirrored cursive 'E' or a zig-zag shape with two loops,0.459488,True
9488,C:\Users\Moheb\ELC4028-Neural-Networks\Assignment 1\Problem 3\Pipeline3\PracticalGroundTruth500_Unlabeled\9488.bmp,6,٦,a horizontal line curving down to the left; like a 7,6,٦,a horizontal line curving down to the left; like a 7,0.428318,True
9504,C:\Users\Moheb\ELC4028-Neural-Networks\Assignment 1\Problem 3\Pipeline3\PracticalGroundTruth500_Unlabeled\9504.bmp,6,٦,a horizontal line curving down to the left; like a 7,6,٦,a horizontal line curving down to the left; like a 7,0.419965,True
9557,C:\Users\Moheb\ELC4028-Neural-Networks\Assignment 1\Problem 3\Pipeline3\PracticalGroundTruth500_Unlabeled\9557.bmp,2,٢,a horizontal hook curving into a vertical line; like a reversed 7,2,٢,a horizontal hook curving into a vertical line; like a reversed 7,0.433365,True
9638,C:\Users\Moheb\ELC4028-Neural-Networks\Assignment 1\Problem 3\Pipeline3\PracticalGroundTruth500_Unlabeled\9638.bmp,4,٤,a mirrored cursive 'E' or a zig-zag shape with two loops,4,٤,a mirrored cursive 'E' or a zig-zag shape with two loops,0.468719,True
9642,C:\Users\Moheb\ELC4028-Neural-Networks\Assignment 1\Problem 3\Pipeline3\PracticalGroundTruth500_Unlabeled\9642.bmp,3,٣,a horizontal stroke with two small peaks or 'teeth' curving down,3,٣,a horizontal stroke with two small peaks or 'teeth' curving down,0.363376,True
9647,C:\Users\Moheb\ELC4028-Neural-Networks\Assignment 1\Problem 3\Pipeline3\PracticalGroundTruth500_Unlabeled\9647.bmp,5,٥,a small teardrop or circle; resembles a Western 0,5,٥,a small teardrop or circle; resembles a Western 0,0.537608,True
9685,C:\Users\Moheb\ELC4028-Neural-Networks\Assignment 1\Problem 3\Pipeline3\PracticalGroundTruth500_Unlabeled\9685.bmp,7,٧,a sharp V-shape pointing downward,7,٧,a sharp V-shape pointing downward,0.519647,True
9789,C:\Users\Moheb\ELC4028-Neural-Networks\Assignment 1\Problem 3\Pipeline3\PracticalGroundTruth500_Unlabeled\9789.bmp,0,٠,"a centered, solid dot",0,٠,"a centered, solid dot",0.748753,True
9806,C:\Users\Moheb\ELC4028-Neural-Networks\Assignment 1\Problem 3\Pipeline3\PracticalGroundTruth500_Unlabeled\9806.bmp,4,٤,a mirrored cursive 'E' or a zig-zag shape with two loops,4,٤,a mirrored cursive 'E' or a zig-zag shape with two loops,0.406399,True
9857,C:\Users\Moheb\ELC4028-Neural-Networks\Assignment 1\Problem 3\Pipeline3\PracticalGroundTruth500_Unlabeled\9857.bmp,9,٩,a small loop at the top with a straight descending tail,9,٩,a small loop at the top with a straight descending tail,0.428406,True
9907,C:\Users\Moheb\ELC4028-Neural-Networks\Assignment 1\Problem 3\Pipeline3\PracticalGroundTruth500_Unlabeled\9907.bmp,4,٤,a mirrored cursive 'E' or a zig-zag shape with two loops,4,٤,a mirrored cursive 'E' or a zig-zag shape with two loops,0.445228,True
9912,C:\Users\Moheb\ELC4028-Neural-Networks\Assignment 1\Problem 3\Pipeline3\PracticalGroundTruth500_Unlabeled\9912.bmp,6,٦,a horizontal line curving down to the left; like a 7,6,٦,a horizontal line curving down to the left; like a 7,0.357922,True
9913,C:\Users\Moheb\ELC4028-Neural-Networks\Assignment 1\Problem 3\Pipeline3\PracticalGroundTruth500_Unlabeled\9913.bmp,1,١,a simple vertical stroke,1,١,a simple vertical stroke,0.565652,True
9922,C:\Users\Moheb\ELC4028-Neural-Networks\Assignment 1\Problem 3\Pipeline3\PracticalGroundTruth500_Unlabeled\9922.bmp,5,٥,a small teardrop or circle; resembles a Western 0,5,٥,a small teardrop or circle; resembles a Western 0,0.563417,True
9953,C:\Users\Moheb\ELC4028-Neural-Networks\Assignment 1\Problem 3\Pipeline3\PracticalGroundTruth500_Unlabeled\9953.bmp,8,٨,an inverted V-shape pointing upward like a mountain peak,8,٨,an inverted V-shape pointing upward like a mountain peak,0.414105,True
9955,C:\Users\Moheb\ELC4028-Neural-Networks\Assignment 1\Problem 3\Pipeline3\PracticalGroundTruth500_Unlabeled\9955.bmp,7,٧,a sharp V-shape pointing downward,7,٧,a sharp V-shape pointing downward,0.486380,True
9967,C:\Users\Moheb\ELC4028-Neural-Networks\Assignment 1\Problem 3\Pipeline3\PracticalGroundTruth500_Unlabeled\9967.bmp,3,٣,a horizontal stroke with two small peaks or 'teeth' curving down,3,٣,a horizontal stroke with two small peaks or 'teeth' curving down,0.387458,True
9973,C:\Users\Moheb\ELC4028-Neural-Networks\Assignment 1\Problem 3\Pipeline3\PracticalGroundTruth500_Unlabeled\9973.bmp,4,٤,a mirrored cursive 'E' or a zig-zag shape with two loops,4,٤,a mirrored cursive 'E' or a zig-zag shape with two loops,0.476692,True
9990,C:\Users\Moheb\ELC4028-Neural-Networks\Assignment 1\Problem 3\Pipeline3\PracticalGroundTruth500_Unlabeled\9990.bmp,2,٢,a horizontal hook curving into a vertical line; like a reversed 7,2,٢,a horizontal hook curving into a vertical line; like a reversed 7,0.418929,True
